'1001', 'Connie', 'Collins', '10/07/1963', 'Conni830', '45806aba7c0a95b6af67aa7ef1ad9cac'
'1002', 'Maria', 'Escalante', '9/05/1969', 'Maria994', 'f776b939738e287129994dcf64dd3387'
'1003', 'Michele', 'King', '10/07/1963', 'Miche976', '25dc20bf10b0f4959909f3047919965b'
'1004', 'Rodrigo', 'Delia', '12/12/1982', 'Rodri244', '5e2a5c7cfaea0223c1f19ab84ad93a85'
'1005', 'Raphael', 'Schmidt', '1/03/1966', 'Rapha253', '7897f75130797ec350d21f72e1e29f13'
'1006', 'Mildred', 'Abreu', '26/04/1967', 'Mildr491', 'd5b6b643860789e6b1a75c4f948e6a74'
'1007', 'Juan', 'Fitzhenry', '11/04/1970', 'Juan147', '63896a09a9357bffb34b810b5b1fee0f'
'1008', 'Courtney', 'Mathis', '27/08/1970', 'Court752', '763ea6da0c19e920512280c93f743846'
'1009', 'Patricia', 'Thrash', '22/07/1980', 'Patri918', 'e8182845ce4dd18547afeee9da369d46'
'1010', 'Carol', 'Estrada', '21/06/1982', 'Carol716', 'f8112e8e82f570a58a95db45e59c0441'
'1011', 'Julia', 'Heckel', '16/11/1973', 'Julia796', 'cec5b6be0b485fb4d1bc509832059d35'
'1012', 'Joyce', 'Booth', '23/09/1969', 'Joyce968', 'ad1b58a0fff0884f28709da507ac1195'
'1013', 'Sarah', 'Rhodes', '13/12/1986', 'Sarah159', '1516dd4ca899f73cf96bba54705bcf8d'
'1014', 'Shane', 'Hart', '18/01/1969', 'Shane945', '38a4809040591c43f6ba87c3c7794a26'
'1015', 'Caridad', 'Dean', '22/08/1990', 'Carid240', 'ea031a1b91d12a0209521f31450d45dc'
'1016', 'Mark', 'Batista', '6/03/1976', 'Mark122', 'd2dd15e7f098a10e559e65eeeadfa93c'
'1017', 'Jorge', 'Torgerson', '6/12/1965', 'Jorge985', 'ecddaf75e34725749dbcaec4037a50e2'
'1018', 'James', 'Taylor', '10/07/1982', 'James374', '7a3001c76418b9c2fe8b8460b478d592'
'1019', 'Gregory', 'Torres', '5/12/1987', 'Grego337', '906ae91126f249b1347043fbeb83a14a'
'1020', 'Megan', 'Shannon', '11/12/1960', 'Megan989', '1c66673d30d3a17d0b1c2009b4ce8ff4'
'1021', 'Charles', 'Connelly', '7/02/1988', 'Charl249', '035510c6ca2192eb2d0600bcf5a6026a'
'1022', 'Sheryl', 'Cintron', '21/10/1990', 'Shery195', '1991715ad42cc6ec416afcc1434afee2'
'1023', 'Gertie', 'Wilson', '1/02/1975', 'Gerti401', '5627bb29bc9208c876eb5e308fd78566'
'1024', 'George', 'Martine', '23/09/1983', 'Georg640', '0be5e72b56dba5291bb76053f89314c9'
'1025', 'Thomas', 'Chernoff', '24/04/1970', 'Thoma487', '29ba02f2deb1a040867a864c510811f5'
'1026', 'Gregory', 'Przybyla', '6/03/1979', 'Grego819', '71afdb28356ed72c85f41336d7bbe2fe'
'1027', 'Frank', 'Wetzel', '22/01/1973', 'Frank248', '764e7a239fc39d9ee29aa17bc27b4ad3'
'1028', 'Josephine', 'Barnett', '19/05/1977', 'Josep714', '50386ac3ec8c16f35dd5d029f8e3e473'
'1029', 'Brittany', 'Brown', '24/09/1969', 'Britt585', '5ed6e93e69988fcdcbd6924f2f03d677'
'1030', 'Katherine', 'Davis', '9/06/1977', 'Kathe771', '2858ce55ef333562fae21dc1181226c6'
'1031', 'Edward', 'Corea', '2/10/1968', 'Edwar976', '29d2a0cc82da8bf86c6b30e3fcff9b25'
'1032', 'George', 'Hanson', '9/06/1973', 'Georg977', 'd7deaa799da5f0a9f2d2f2f3c87cc43a'
'1033', 'Yolanda', 'Williams', '8/02/1985', 'Yolan358', '0b7d53512f7496df39b3d2cdc9d590ac'
'1034', 'Vincent', 'Thomas', '12/03/1960', 'Vince629', '063d53c1b42a5125d160d831f2704c66'
'1035', 'Rebecca', 'Michael', '25/02/1978', 'Rebec117', 'af467fa1067ad2dd82b14c6422cd28e5'
'1036', 'Gertrude', 'Lavole', '8/11/1979', 'Gertr357', 'f8356f1670da90cc0ae50f087e96960d'
'1037', 'Thomas', 'Pierce', '23/03/1971', 'Thoma571', 'e3f83e2af1c446302e2a030a06c1e2f3'
'1038', 'Doris', 'Stevens', '8/05/1986', 'Doris853', '900b83e92e8fab7c86e7b23a6b60b3d5'
'1039', 'Elizabeth', 'Lopez', '26/12/1983', 'Eliza943', '14a3497783c4bd02b0f0b75172e0d6c9'
'1040', 'Eddie', 'Howard', '13/02/1969', 'Eddie830', '3fbdeb2e0810f21da3983391cd0fa848'
'1041', 'April', 'Johnson', '14/09/1972', 'April817', 'a0374645e33d91b9dcf516179af8590a'
'1042', 'Lonnie', 'Tooks', '26/07/1974', 'Lonni452', '2b8131ca97e72b9ee95e227a567b20c8'
'1043', 'Kevin', 'Isaac', '26/11/1990', 'Kevin471', 'cf6db0fc97501f635fe7eaf65fbdcd72'
'1044', 'Vincent', 'Muller', '17/03/1984', 'Vince909', '0e0b20eef207c17e6436fc3a739091c9'
'1045', 'Richard', 'Day', '9/02/1969', 'Richa411', '7b727b20fa0ec8767711e2d7e7818d4b'
'1046', 'Royce', 'Peterson', '2/08/1962', 'Royce369', '1b7fbaf48ee68437982ba0322aa50090'
'1047', 'Harry', 'Elletson', '24/01/1988', 'Harry866', 'd100001ff7a5d16e1cd3b3c915e796f7'
'1048', 'Jennifer', 'Mckissick', '22/06/1989', 'Jenni695', '33d357efa5ca8fb58b33ca5373b2b6a3'
'1049', 'Reva', 'Hill', '15/03/1987', 'Reva333', 'c90828039ab8ddaefcfa38300a1203b7'
'1050', 'Jonathan', 'Farmer', '27/07/1966', 'Jonat709', '456aa3a8361ec1d44b4e04ec86a8ea4e'
